{
  "project_info": {
    "project_number": "357016397142",
    "firebase_url": "https://rhentu.firebaseio.com",
    "project_id": "rhentu",
    "storage_bucket": "rhentu.appspot.com"
  },
  "client": [
    {
      "client_info": {
        "mobilesdk_app_id": "1:357016397142:android:b6ffcf93c40f9113",
        "android_client_info": {
          "package_name": "com.ripenapps.rehntu"
        }
      },
      "oauth_client": [
        {
          "client_id": "357016397142-7f0d967rumi5umfeuuo743c6jur9fufm.apps.googleusercontent.com",
          "client_type": 1,
          "android_info": {
            "package_name": "com.ripenapps.rehntu",
            "certificate_hash": "864e8ec62e3ad5c79330289d0ea64ec8e7e7a499"
          }
        },
        {
          "client_id": "357016397142-3g2rr8i43r903cv4mcffha72a09aak9u.apps.googleusercontent.com",
          "client_type": 3
        }
      ],
      "api_key": [
        {
          "current_key": "AIzaSyAu5tenGGN7j-8YOmj374O_yLlrX42OgdA"
        }
      ],
      "services": {
        "analytics_service": {
          "status": 1
        },
        "appinvite_service": {
          "status": 2,
          "other_platform_oauth_client": [
            {
              "client_id": "357016397142-3g2rr8i43r903cv4mcffha72a09aak9u.apps.googleusercontent.com",
              "client_type": 3
            }
          ]
        },
        "ads_service": {
          "status": 2
        }
      }
    }
  ],
  "configuration_version": "1"
}